{
  "c1_env_name": "LunarLander_v2",
  "c2_render_display": "rgb_array",
  "c3_render_terminal": "rgb_array",
  "c4_ml_model_name": "PPO",
  "c5_total_timesteps": 90000,
  "c6_action_type": "discrete",
  "c7_diagnoser": "sfm_stofm_fobs_sample",
  "c8_normal_model": "[0,1,2,3]",
  "c9_max_exec_len": 200,
  "c10_debug_print": 0,
  "c11_fault_model_type": "stochastic",
  "pci_instance_seed": [1, 2, 3, 4, 5, 6, 7, 8, 9, 10],
  "pcf_fault_models": [
	"[0,0,2,3]", 
	"[0,1,0,3]", 
	"[0,1,2,0]", 
	"[0,0,0,3]", 
	"[0,0,2,0]", 
	"[0,1,0,0]", 
	"[0,0,0,0]", 
	"[0,3,2,1]", 
	"[0,2,1,3]", 
	"[0,1,3,2]"
  ],
  "ip1_fault_probabilities": [0.1, 0.3, 0.5, 0.7, 0.9],
  "ip2_obs_percent_visible": [100],
  "ip3_obs_percent_mean": [50],
  "ip4_obs_percent_dev": [100],
  "ip5_num_fault_models": [2, 4, 6, 8, 10],
  "ip6_sample_sizes": [4, 6, 8, 10]
}
