{
  "domain_name": "MountainCar_v0",
  "ml_model_name": "DQN",
  "possible_fault_mode_names": [
	"[1,1,2]",
	"[0,1,1]",
	"[0,2,1]",
	"[1,0,2]",
	"[1,2,0]",
	"[2,0,1]",
	"[2,1,0]",
	"[0,0,0]",
	"[1,1,1]",
	"[2,2,2]"
  ],
  "fault_probabilities": [0.2, 0.4, 0.6, 0.8, 1.0],
  "instance_seeds": [9],
  "percent_visible_states": [0, 5, 10, 15, 20, 30, 40, 60, 80, 100],
  "num_candidate_fault_modes": [0, 2, 4, 6, 8, 10],
  "diagnoser_names": ["W", "SN", "SIF", "SIFU", "SIFU2", "SIFU3", "SIFU4", "SIFU5", "SIFU6", "SIFU7", "SIFU8"]
}
