{
  "domain_name": "ALE/SpaceInvaders_v5",
  "possible_fault_mode_names": [
	"[0,0,2,3,4,5]",
	"[0,1,0,3,4,5]",
	"[0,1,2,0,4,5]",
	"[0,1,2,3,0,5]",
	"[0,1,2,3,4,0]",
	"[0,2,1,3,4,5]",
	"[0,3,2,1,4,5]",
	"[0,4,2,3,1,5]",
	"[0,5,2,3,4,1]",
	"[1,0,2,3,4,5]"
  ],
  "fault_probabilities": [0.2, 0.4, 0.6, 0.8, 1.0],
  "instance_seeds": [1, 2, 3, 4, 5, 6, 7, 8, 9, 10],
  "percent_visible_states": [0, 5, 10, 15, 20, 30, 40, 60, 80, 100],
  "num_candidate_fault_modes": [0],
  "diagnoser_name": "W"
}
